train size,time
10%,0.00096941
50%,0.003990173
70%,0.002955675
100%,0.001993179
