"Sample_percent","Time"
10,0.00928807258605957
50,0.00900101661682129
70,0.00823092460632324
100,0.0100030899047852
accuracy
1,0.826531986531986
acc_5_f
1,0.796296296296296
2,0.796296296296296
3,0.888888888888889
4,0.814814814814815
5,0.836363636363636
