"Sample_percent","Time"
10,0.0101149082183838
50,0.00808620452880859
70,0.00901317596435547
100,0.0103108882904053
